{
  "roll": {
    "type": "constant",
    "count": 1
  },
  "input1": {
    "filter": "minecraft:emerald_block",
    "count": {
      "type": "constant",
      "count": 16
    }
  },
  "output": [
    {
      "item": "betterend:spawn_egg_cubozoa",
      "count": { "type": "constant", "count": 1 },
      "weight": 1
    },
    {
      "item": "betterend:spawn_egg_end_fish",
      "count": { "type": "constant", "count": 1 },
      "weight": 1
    },
    {
      "item": "betterend:spawn_egg_shadow_walker",
      "count": { "type": "constant", "count": 1 },
      "weight": 1
    },
    {
      "item": "creeperoverhaul:bamboo_creeper_spawn_egg",
      "count": { "type": "constant", "count": 1 },
      "weight": 1
    },
    {
      "item": "friendsandfoes:glare_spawn_egg",
      "count": { "type": "constant", "count": 1 },
      "weight": 1
    },
    {
      "item": "friendsandfoes:mauler_spawn_egg",
      "count": { "type": "constant", "count": 1 },
      "weight": 1
    },
    {
      "item": "friendsandfoes:rascal_spawn_egg",
      "count": { "type": "constant", "count": 1 },
      "weight": 1
    },
    {
      "item": "hamsters:hamster_spawn_egg",
      "count": { "type": "constant", "count": 1 },
      "weight": 1
    },
    {
      "item": "illagerinvasion:necromancer_spawn_egg",
      "count": { "type": "constant", "count": 1 },
      "weight": 1
    },
    {
      "item": "minecraft:allay_spawn_egg",
      "count": { "type": "constant", "count": 1 },
      "weight": 1
    },
    {
      "item": "minecraft:axolotl_spawn_egg",
      "count": { "type": "constant", "count": 1 },
      "weight": 1
    },
    {
      "item": "minecraft:bat_spawn_egg",
      "count": { "type": "constant", "count": 1 },
      "weight": 1
    },
    {
      "item": "minecraft:bee_spawn_egg",
      "count": { "type": "constant", "count": 1 },
      "weight": 1
    },
    {
      "item": "minecraft:camel_spawn_egg",
      "count": { "type": "constant", "count": 1 },
      "weight": 1
    },
    {
      "item": "minecraft:cat_spawn_egg",
      "count": { "type": "constant", "count": 1 },
      "weight": 1
    },
    {
      "item": "minecraft:dolphin_spawn_egg",
      "count": { "type": "constant", "count": 1 },
      "weight": 1
    },
    {
      "item": "minecraft:donkey_spawn_egg",
      "count": { "type": "constant", "count": 1 },
      "weight": 1
    },
    {
      "item": "minecraft:endermite_spawn_egg",
      "count": { "type": "constant", "count": 1 },
      "weight": 1
    },
    {
      "item": "minecraft:frog_spawn_egg",
      "count": { "type": "constant", "count": 1 },
      "weight": 1
    },
    {
      "item": "minecraft:glow_squid_spawn_egg",
      "count": { "type": "constant", "count": 1 },
      "weight": 1
    },
    {
      "item": "minecraft:goat_spawn_egg",
      "count": { "type": "constant", "count": 1 },
      "weight": 1
    },
    {
      "item": "minecraft:ocelot_spawn_egg",
      "count": { "type": "constant", "count": 1 },
      "weight": 1
    },
    {
      "item": "minecraft:panda_spawn_egg",
      "count": { "type": "constant", "count": 1 },
      "weight": 1
    },
    {
      "item": "minecraft:parrot_spawn_egg",
      "count": { "type": "constant", "count": 1 },
      "weight": 1
    },
    {
      "item": "minecraft:pillager_spawn_egg",
      "count": { "type": "constant", "count": 1 },
      "weight": 1
    },
    {
      "item": "minecraft:polar_bear_spawn_egg",
      "count": { "type": "constant", "count": 1 },
      "weight": 1
    },
    {
      "item": "minecraft:snow_golem_spawn_egg",
      "count": { "type": "constant", "count": 1 },
      "weight": 1
    },
    {
      "item": "minecraft:squid_spawn_egg",
      "count": { "type": "constant", "count": 1 },
      "weight": 1
    },
    {
      "item": "minecraft:tadpole_spawn_egg",
      "count": { "type": "constant", "count": 1 },
      "weight": 1
    },
    {
      "item": "minecraft:vex_spawn_egg",
      "count": { "type": "constant", "count": 1 },
      "weight": 1
    },
    {
      "item": "minecraft:wolf_spawn_egg",
      "count": { "type": "constant", "count": 1 },
      "weight": 1
    },
    {
      "item": "naturalist:alligator_spawn_egg",
      "count": { "type": "constant", "count": 1 },
      "weight": 1
    },
    {
      "item": "naturalist:bear_spawn_egg",
      "count": { "type": "constant", "count": 1 },
      "weight": 1
    },
    {
      "item": "naturalist:butterfly_spawn_egg",
      "count": { "type": "constant", "count": 1 },
      "weight": 1
    },
    {
      "item": "naturalist:caterpillar_spawn_egg",
      "count": { "type": "constant", "count": 1 },
      "weight": 1
    },
    {
      "item": "naturalist:dragonfly_spawn_egg",
      "count": { "type": "constant", "count": 1 },
      "weight": 1
    },
    {
      "item": "naturalist:firefly_spawn_egg",
      "count": { "type": "constant", "count": 1 },
      "weight": 1
    },
    {
      "item": "naturalist:giraffe_spawn_egg",
      "count": { "type": "constant", "count": 1 },
      "weight": 1
    },
    {
      "item": "naturalist:hippo_spawn_egg",
      "count": { "type": "constant", "count": 1 },
      "weight": 1
    },
    {
      "item": "naturalist:lion_spawn_egg",
      "count": { "type": "constant", "count": 1 },
      "weight": 1
    },
    {
      "item": "naturalist:lizard_spawn_egg",
      "count": { "type": "constant", "count": 1 },
      "weight": 1
    },
    {
      "item": "naturalist:tortoise_spawn_egg",
      "count": { "type": "constant", "count": 1 },
      "weight": 1
    },
    {
      "item": "naturalist:zebra_spawn_egg",
      "count": { "type": "constant", "count": 1 },
      "weight": 1
    },
    {
      "item": "ribbits:ribbit_nitwit_spawn_egg",
      "count": { "type": "constant", "count": 1 },
      "weight": 1
    },
    {
      "item": "ribbits:ribbit_sorcerer_spawn_egg",
      "count": { "type": "constant", "count": 1 },
      "weight": 1
    },
    {
      "item": "simpletms:tm_blank",
      "count": { "type": "constant", "count": 1 },
      "weight": 1
    },
    {
      "item": "crittersandcompanions:dragonfly_spawn_egg",
      "count": { "type": "constant", "count": 1 },
      "weight": 1
    },
    {
      "item": "crittersandcompanions:ferret_spawn_egg",
      "count": { "type": "constant", "count": 1 },
      "weight": 1
    },
    {
      "item": "crittersandcompanions:dumbo_octopus_spawn_egg",
      "count": { "type": "constant", "count": 1 },
      "weight": 1
    },
    {
      "item": "crittersandcompanions:jumping_spider_spawn_egg",
      "count": { "type": "constant", "count": 1 },
      "weight": 1
    },
    {
      "item": "crittersandcompanions:koi_fish_spawn_egg",
      "count": { "type": "constant", "count": 1 },
      "weight": 1
    },
    {
      "item": "crittersandcompanions:leaf_insect_spawn_egg",
      "count": { "type": "constant", "count": 1 },
      "weight": 1
    },
    {
      "item": "crittersandcompanions:otter_spawn_egg",
      "count": { "type": "constant", "count": 1 },
      "weight": 1
    },
    {
      "item": "crittersandcompanions:red_panda_spawn_egg",
      "count": { "type": "constant", "count": 1 },
      "weight": 1
    },
    {
      "item": "crittersandcompanions:sea_bunny_spawn_egg",
      "count": { "type": "constant", "count": 1 },
      "weight": 1
    },
    {
      "item": "crittersandcompanions:shima_enaga_spawn_egg",
      "count": { "type": "constant", "count": 1 },
      "weight": 1
    }
  ]
}
