{
  "roll": {
    "type": "constant",
    "count": 1
  },
  "input1": {
    "filter": "minecraft:emerald",
    "count": {
      "type": "constant",
      "count": 16
    }
  },
  "output": [
    {
      "item": "smallships:oak_cog",
      "count": { "type": "constant", "count": 1 },
      "weight": 1
    },
    {
      "item": "smallships:spruce_cog",
      "count": { "type": "constant", "count": 1 },
      "weight": 1
    },
    {
      "item": "smallships:birch_cog",
      "count": { "type": "constant", "count": 1 },
      "weight": 1
    },
    {
      "item": "smallships:jungle_cog",
      "count": { "type": "constant", "count": 1 },
      "weight": 1
    },
    {
      "item": "smallships:acacia_cog",
      "count": { "type": "constant", "count": 1 },
      "weight": 1
    },
    {
      "item": "smallships:cherry_cog",
      "count": { "type": "constant", "count": 1 },
      "weight": 1
    },
    {
      "item": "smallships:dark_oak_cog",
      "count": { "type": "constant", "count": 1 },
      "weight": 1
    },
    {
      "item": "smallships:mangrove_cog",
      "count": { "type": "constant", "count": 1 },
      "weight": 1
    },
    {
      "item": "smallships:bamboo_cog",
      "count": { "type": "constant", "count": 1 },
      "weight": 1
    },
    {
      "item": "bakery:oat_seeds",
      "count": { "type": "constant", "count": 1 },
      "weight": 1
    },
    {
      "item": "bakery:strawberry_seeds",
      "count": { "type": "constant", "count": 1 },
      "weight": 1
    },
    {
      "item": "brewery:barley_seeds",
      "count": { "type": "constant", "count": 1 },
      "weight": 1
    },
    {
      "item": "brewery:corn_seeds",
      "count": { "type": "constant", "count": 1 },
      "weight": 1
    },
    {
      "item": "brewery:hops_seeds",
      "count": { "type": "constant", "count": 1 },
      "weight": 1
    },
    {
      "item": "candlelight:lettuce_seeds",
      "count": { "type": "constant", "count": 1 },
      "weight": 1
    },
    {
      "item": "candlelight:tomato_seeds",
      "count": { "type": "constant", "count": 1 },
      "weight": 1
    },
    {
      "item": "expandeddelight:asparagus_seeds",
      "count": { "type": "constant", "count": 1 },
      "weight": 1
    },
    {
      "item": "expandeddelight:chili_pepper_seeds",
      "count": { "type": "constant", "count": 1 },
      "weight": 1
    },
    {
      "item": "expandeddelight:peanut",
      "count": { "type": "constant", "count": 1 },
      "weight": 1
    },
    {
      "item": "expandeddelight:sweet_potato",
      "count": { "type": "constant", "count": 1 },
      "weight": 1
    },
    {
      "item": "farmersdelight:cabbage_seeds",
      "count": { "type": "constant", "count": 1 },
      "weight": 1
    },
    {
      "item": "farmersdelight:onion",
      "count": { "type": "constant", "count": 1 },
      "weight": 1
    },
    {
      "item": "farmersdelight:tomato_seeds",
      "count": { "type": "constant", "count": 1 },
      "weight": 1
    },
    {
      "item": "herbalbrews:coffee_beans",
      "count": { "type": "constant", "count": 1 },
      "weight": 1
    },
    {
      "item": "herbalbrews:rooibos_leaf",
      "count": { "type": "constant", "count": 1 },
      "weight": 1
    },
    {
      "item": "herbalbrews:tea_blossom",
      "count": { "type": "constant", "count": 1 },
      "weight": 1
    },
    {
      "item": "herbalbrews:yerba_mate_leaf",
      "count": { "type": "constant", "count": 1 },
      "weight": 1
    },
    {
      "item": "minecraft:beetroot_seeds",
      "count": { "type": "constant", "count": 1 },
      "weight": 1
    },
    {
      "item": "minecraft:carrot",
      "count": { "type": "constant", "count": 1 },
      "weight": 1
    },
    {
      "item": "minecraft:melon_seeds",
      "count": { "type": "constant", "count": 1 },
      "weight": 1
    },
    {
      "item": "minecraft:pumpkin_seeds",
      "count": { "type": "constant", "count": 1 },
      "weight": 1
    },
    {
      "item": "minecraft:potato",
      "count": { "type": "constant", "count": 1 },
      "weight": 1
    },
    {
      "item": "minecraft:sweet_berries",
      "count": { "type": "constant", "count": 1 },
      "weight": 1
    },
    {
      "item": "minecraft:torchflower_seeds",
      "count": { "type": "constant", "count": 1 },
      "weight": 1
    },
    {
      "item": "minecraft:wheat_seeds",
      "count": { "type": "constant", "count": 1 },
      "weight": 1
    },
    {
      "item": "ubesdelight:garlic",
      "count": { "type": "constant", "count": 1 },
      "weight": 1
    },
    {
      "item": "ubesdelight:ginger",
      "count": { "type": "constant", "count": 1 },
      "weight": 1
    },
    {
      "item": "ubesdelight:lemongrass_seeds",
      "count": { "type": "constant", "count": 1 },
      "weight": 1
    },
    {
      "item": "ubesdelight:ube",
      "count": { "type": "constant", "count": 1 },
      "weight": 1
    },
    {
      "item": "vinery:jungle_grape_seeds_red",
      "count": { "type": "constant", "count": 1 },
      "weight": 1
    },
    {
      "item": "vinery:jungle_grape_seeds_white",
      "count": { "type": "constant", "count": 1 },
      "weight": 1
    },
    {
      "item": "vinery:red_grape_seeds",
      "count": { "type": "constant", "count": 1 },
      "weight": 1
    },
    {
      "item": "vinery:savanna_grape_seeds_red",
      "count": { "type": "constant", "count": 1 },
      "weight": 1
    },
    {
      "item": "vinery:savanna_grape_seeds_white",
      "count": { "type": "constant", "count": 1 },
      "weight": 1
    },
    {
      "item": "vinery:taiga_grape_seeds_red",
      "count": { "type": "constant", "count": 1 },
      "weight": 1
    },
    {
      "item": "vinery:taiga_grape_seeds_white",
      "count": { "type": "constant", "count": 1 },
      "weight": 1
    },
    {
      "item": "vinery:white_grape_seeds",
      "count": { "type": "constant", "count": 1 },
      "weight": 1
    }
  ]
}
