{
  "configVersion": 7,
  "renderNametagsThroughWalls": true,
  "blockEntityWhitelist": [
    "create:rope_pulley",
    "botania:flame_ring",
    "minecraft:beacon",
    "create:hose_pulley",
    "betterend:eternal_pedestal",
    "botania:magic_missile",
    "botania:falling_star"
  ],
  "entityWhitelist": [
    "botania:mana_burst",
    "drg_flares:drg_flares",
    "minecraft:ender_dragon",
    "minecraft:end_crystal"
  ],
  "tracingDistance": 128,
  "debugMode": false,
  "sleepDelay": 10,
  "hitboxLimit": 50,
  "captureRate": 5,
  "skipMarkerArmorStands": true,
  "tickCulling": true,
  "tickCullingWhitelist": [
    "create:contraption",
    "create:stationary_contraption",
    "create:gantry_contraption",
    "minecraft:boat",
    "mts:builder_seat",
    "minecraft:firework_rocket",
    "create:carriage_contraption",
    "mts:builder_rendering",
    "drg_flares:drg_flares",
    "mts:builder_existing",
    "minecraft:acacia_boat",
    "minecraft:acacia_chest_boat",
    "minecraft:birch_boat",
    "minecraft:birch_chest_boat",
    "minecraft:cherry_boat",
    "minecraft:cherry_chest_boat",
    "minecraft:dark_oak_boat",
    "minecraft:dark_oak_chest_boat",
    "minecraft:jungle_boat",
    "minecraft:jungle_chest_boat",
    "minecraft:mangrove_boat",
    "minecraft:mangrove_chest_boat",
    "minecraft:oak_boat",
    "minecraft:oak_chest_boat",
    "minecraft:pale_oak_boat",
    "minecraft:pale_oak_chest_boat",
    "minecraft:spruce_boat",
    "minecraft:spruce_chest_boat",
    "minecraft:bamboo_raft",
    "minecraft:bamboo_chest_raft"
  ],
  "disableF3": true,
  "skipEntityCulling": false,
  "skipBlockEntityCulling": false
}